,index,hotel_id,group,brand,city,parking,pool,children_policy,price,stock,date,language,mobile,avatar_name
0,519,519,Yin Yang,Royal Lotus,copenhagen,0,0,0,208,68,30,french,0,laulau
1,523,523,Independant,Independant,copenhagen,0,0,0,85,41,30,french,0,laulau
2,898,898,Yin Yang,8 Premium,copenhagen,1,0,0,86,24,30,french,0,laulau
3,770,770,Morriott International,Morriot,copenhagen,1,1,0,210,73,30,french,0,laulau
4,562,562,Chillton Worldwide,Quadrupletree,copenhagen,0,0,0,215,74,30,french,0,laulau
5,669,669,Yin Yang,Royal Lotus,copenhagen,0,0,0,203,76,30,french,0,laulau
6,876,876,Boss Western,Boss Western,copenhagen,0,0,0,131,36,30,french,0,laulau
7,53,53,Independant,Independant,copenhagen,1,0,0,96,24,30,french,0,laulau
8,744,744,Boss Western,J.Halliday Inn,copenhagen,0,0,0,173,55,30,french,0,laulau
9,831,831,Independant,Independant,copenhagen,1,0,0,92,19,30,french,0,laulau
10,900,900,Accar Hotels,Marcure,copenhagen,1,0,0,192,80,30,french,0,laulau
11,772,772,Accar Hotels,Safitel,copenhagen,1,0,0,304,85,30,french,0,laulau
12,518,518,Boss Western,Boss Western,copenhagen,0,0,0,117,43,30,french,0,laulau
13,100,100,Accar Hotels,Ibas,copenhagen,1,0,0,91,21,30,french,0,laulau
14,961,961,Morriott International,Morriot,copenhagen,0,1,0,187,85,30,french,0,laulau
15,113,113,Independant,Independant,copenhagen,0,0,0,89,28,30,french,0,laulau
16,983,983,Yin Yang,8 Premium,copenhagen,0,0,0,88,27,30,french,0,laulau
17,556,556,Boss Western,J.Halliday Inn,copenhagen,1,0,0,182,60,30,french,0,laulau
18,243,243,Yin Yang,8 Premium,copenhagen,1,0,0,97,21,30,french,0,laulau
19,757,757,Accar Hotels,Navatel,copenhagen,1,0,0,134,37,30,french,0,laulau
20,990,990,Boss Western,J.Halliday Inn,copenhagen,0,0,0,164,58,30,french,0,laulau
21,401,401,Boss Western,J.Halliday Inn,copenhagen,0,0,0,182,48,30,french,0,laulau
22,350,350,Chillton Worldwide,Chill Garden Inn,copenhagen,1,1,0,308,125,30,french,0,laulau
23,249,249,Independant,Independant,copenhagen,0,0,0,87,68,30,french,0,laulau
24,930,930,Independant,Independant,copenhagen,0,0,0,117,70,30,french,0,laulau
25,541,541,Boss Western,Boss Western,copenhagen,1,0,0,129,43,30,french,0,laulau
26,96,96,Boss Western,Boss Western,copenhagen,0,0,0,129,37,30,french,0,laulau
27,691,691,Independant,Independant,copenhagen,1,0,0,85,51,30,french,0,laulau
28,981,981,Yin Yang,8 Premium,copenhagen,0,0,0,98,22,30,french,0,laulau
29,793,793,Independant,Independant,copenhagen,0,0,0,167,23,30,french,0,laulau
30,407,407,Accar Hotels,Marcure,copenhagen,0,1,0,216,69,30,french,0,laulau
31,329,329,Morriott International,Morriot,copenhagen,1,0,0,231,67,30,french,0,laulau
32,425,425,Morriott International,Morriot,copenhagen,0,0,0,190,92,30,french,0,laulau
33,958,958,Accar Hotels,Marcure,copenhagen,1,0,0,223,72,30,french,0,laulau
34,289,289,Independant,Independant,copenhagen,1,0,0,125,40,30,french,0,laulau
35,528,528,Accar Hotels,Safitel,copenhagen,1,0,0,280,99,30,french,0,laulau
36,664,664,Accar Hotels,Safitel,copenhagen,0,1,0,295,111,30,french,0,laulau
37,688,688,Independant,Independant,copenhagen,0,0,1,87,45,30,french,0,laulau
38,435,435,Chillton Worldwide,Chill Garden Inn,copenhagen,0,1,0,302,97,30,french,0,laulau
39,431,431,Accar Hotels,Navatel,copenhagen,1,0,0,128,38,30,french,0,laulau
40,50,50,Boss Western,Boss Western,copenhagen,0,0,0,133,39,30,french,0,laulau
41,349,349,Yin Yang,Royal Lotus,copenhagen,0,1,0,226,68,30,french,0,laulau
42,616,616,Boss Western,J.Halliday Inn,copenhagen,0,0,0,177,50,30,french,0,laulau
43,124,124,Accar Hotels,Safitel,copenhagen,0,0,0,277,120,30,french,0,laulau
44,622,622,Boss Western,Boss Western,copenhagen,1,0,0,127,50,30,french,0,laulau
45,506,506,Independant,Independant,copenhagen,1,0,0,126,23,30,french,0,laulau
46,546,546,Independant,Independant,copenhagen,1,0,0,88,47,30,french,0,laulau
47,194,194,Independant,Independant,copenhagen,0,0,0,123,20,30,french,0,laulau
48,855,855,Yin Yang,Royal Lotus,copenhagen,0,0,0,192,85,30,french,0,laulau
49,92,92,Independant,Independant,copenhagen,0,0,0,88,27,30,french,0,laulau
50,865,865,Chillton Worldwide,Chill Garden Inn,copenhagen,1,1,0,288,107,30,french,0,laulau
51,690,690,Yin Yang,Royal Lotus,copenhagen,1,1,0,206,82,30,french,0,laulau
52,829,829,Boss Western,J.Halliday Inn,copenhagen,0,0,0,187,56,30,french,0,laulau
53,481,481,Independant,Independant,copenhagen,1,0,0,97,21,30,french,0,laulau
54,402,402,Independant,Independant,copenhagen,1,0,0,134,38,30,french,0,laulau
55,514,514,Morriott International,Corlton,copenhagen,0,0,0,266,129,30,french,0,laulau
56,869,869,Morriott International,Corlton,copenhagen,1,1,0,293,98,30,french,0,laulau
57,572,572,Accar Hotels,Marcure,copenhagen,1,0,0,206,64,30,french,0,laulau
58,726,726,Morriott International,Corlton,copenhagen,1,0,0,278,103,30,french,0,laulau
59,959,959,Chillton Worldwide,Quadrupletree,copenhagen,1,1,0,196,74,30,french,0,laulau
60,611,611,Chillton Worldwide,Tripletree,copenhagen,1,0,0,182,56,30,french,0,laulau
61,894,894,Chillton Worldwide,Chill Garden Inn,copenhagen,1,0,2,301,105,30,french,0,laulau
62,539,539,Accar Hotels,Safitel,copenhagen,1,1,0,277,117,30,french,0,laulau
63,433,433,Accar Hotels,Navatel,copenhagen,0,0,0,117,45,30,french,0,laulau
64,812,812,Morriott International,CourtYord,copenhagen,1,0,0,185,48,30,french,0,laulau
65,300,300,Boss Western,Boss Western,copenhagen,1,0,0,124,38,30,french,0,laulau
66,547,547,Yin Yang,Ardisson,copenhagen,1,0,0,180,50,30,french,0,laulau
67,716,716,Boss Western,Boss Western,copenhagen,0,0,0,133,40,30,french,0,laulau
68,994,994,Yin Yang,Ardisson,copenhagen,0,0,0,163,62,30,french,0,laulau
69,463,463,Yin Yang,8 Premium,copenhagen,0,0,0,101,18,30,french,0,laulau
70,6,6,Independant,Independant,copenhagen,1,0,0,120,49,30,french,0,laulau
71,358,358,Accar Hotels,Marcure,copenhagen,0,0,0,198,73,30,french,0,laulau
72,391,391,Boss Western,J.Halliday Inn,copenhagen,1,0,0,177,54,30,french,0,laulau
73,99,99,Morriott International,CourtYord,copenhagen,0,1,0,187,46,30,french,0,laulau
74,91,91,Independant,Independant,copenhagen,1,0,0,129,20,30,french,0,laulau
75,487,487,Morriott International,CourtYord,copenhagen,0,0,0,173,62,30,french,0,laulau
76,422,422,Morriott International,Corlton,copenhagen,0,1,0,301,102,30,french,0,laulau
77,655,655,Accar Hotels,Safitel,copenhagen,0,0,1,280,111,30,french,0,laulau
78,908,908,Morriott International,Corlton,copenhagen,1,1,0,326,92,30,french,0,laulau
79,638,638,Independant,Independant,copenhagen,1,0,0,159,63,30,french,0,laulau
80,952,952,Independant,Independant,copenhagen,0,0,0,96,22,30,french,0,laulau
81,434,434,Accar Hotels,Ibas,copenhagen,0,0,0,106,18,30,french,0,laulau
82,893,893,Morriott International,Morriot,copenhagen,1,1,0,213,69,30,french,0,laulau
83,624,624,Chillton Worldwide,Quadrupletree,copenhagen,0,1,0,208,75,30,french,0,laulau
84,532,532,Yin Yang,Royal Lotus,copenhagen,1,1,0,213,76,30,french,0,laulau
85,443,443,Accar Hotels,Navatel,copenhagen,0,0,0,119,52,30,french,0,laulau
86,78,78,Chillton Worldwide,Chill Garden Inn,copenhagen,0,0,0,277,93,30,french,0,laulau
87,830,830,Independant,Independant,copenhagen,0,0,0,91,51,30,french,0,laulau
88,43,43,Independant,Independant,copenhagen,1,0,0,83,62,30,french,0,laulau
89,727,727,Independant,Independant,copenhagen,0,0,0,126,19,30,french,0,laulau
90,365,365,Independant,Independant,copenhagen,1,0,0,96,23,30,french,0,laulau
91,405,405,Yin Yang,8 Premium,copenhagen,1,0,0,101,22,30,french,0,laulau
92,761,761,Boss Western,Boss Western,copenhagen,0,0,0,124,47,30,french,0,laulau
93,60,60,Independant,Independant,copenhagen,0,0,0,94,23,30,french,0,laulau
94,36,36,Independant,Independant,copenhagen,0,0,0,201,44,30,french,0,laulau
95,995,995,Chillton Worldwide,Quadrupletree,copenhagen,0,0,0,196,72,30,french,0,laulau
96,826,826,Accar Hotels,Marcure,copenhagen,1,1,0,204,83,30,french,0,laulau
97,938,938,Independant,Independant,copenhagen,0,0,0,124,26,30,french,0,laulau
98,844,844,Morriott International,Corlton,copenhagen,0,0,0,281,108,30,french,0,laulau
99,90,90,Yin Yang,Ardisson,copenhagen,1,0,0,171,56,30,french,0,laulau
100,707,707,Accar Hotels,Safitel,copenhagen,0,1,0,299,103,30,french,0,laulau
101,202,202,Morriott International,CourtYord,copenhagen,1,0,0,162,52,30,french,0,laulau
102,251,251,Independant,Independant,copenhagen,0,0,0,171,21,30,french,0,laulau
103,291,291,Accar Hotels,Marcure,copenhagen,0,0,0,196,79,30,french,0,laulau
104,267,267,Boss Western,J.Halliday Inn,copenhagen,1,0,0,180,58,30,french,0,laulau
105,720,720,Chillton Worldwide,Chill Garden Inn,copenhagen,0,0,2,280,118,30,french,0,laulau
106,309,309,Independant,Independant,copenhagen,0,0,0,98,44,30,french,0,laulau
107,58,58,Yin Yang,Royal Lotus,copenhagen,1,0,2,211,65,30,french,0,laulau
108,559,559,Accar Hotels,Marcure,copenhagen,0,0,2,204,74,30,french,0,laulau
109,110,110,Chillton Worldwide,Tripletree,copenhagen,0,0,0,173,51,30,french,0,laulau
110,445,445,Yin Yang,8 Premium,copenhagen,0,0,0,93,22,30,french,0,laulau
111,531,531,Yin Yang,Ardisson,copenhagen,1,0,0,182,53,30,french,0,laulau
112,23,23,Yin Yang,Ardisson,copenhagen,1,0,0,170,56,30,french,0,laulau
113,695,695,Yin Yang,Ardisson,copenhagen,1,0,0,180,50,30,french,0,laulau
114,280,280,Boss Western,Boss Western,copenhagen,0,0,0,122,64,30,french,0,laulau
115,508,508,Yin Yang,Royal Lotus,copenhagen,1,1,0,203,78,30,french,0,laulau
116,318,318,Boss Western,Boss Western,copenhagen,1,0,0,141,36,30,french,0,laulau
117,1,1,Independant,Independant,copenhagen,1,0,0,99,39,30,french,0,laulau
118,973,973,Boss Western,J.Halliday Inn,copenhagen,0,0,0,178,54,30,french,0,laulau
119,497,497,Chillton Worldwide,Quadrupletree,copenhagen,0,0,2,210,71,30,french,0,laulau
120,805,805,Yin Yang,Ardisson,copenhagen,0,0,0,165,74,30,french,0,laulau
121,818,818,Yin Yang,Ardisson,copenhagen,0,0,0,180,44,30,french,0,laulau
122,834,834,Yin Yang,8 Premium,copenhagen,0,0,0,95,16,30,french,0,laulau
123,153,153,Yin Yang,Royal Lotus,copenhagen,1,1,2,216,66,30,french,0,laulau
124,711,711,Boss Western,Boss Western,copenhagen,0,0,0,135,38,30,french,0,laulau
125,872,872,Yin Yang,8 Premium,copenhagen,0,0,0,97,27,30,french,0,laulau
126,319,319,Chillton Worldwide,Chill Garden Inn,copenhagen,1,0,0,298,116,30,french,0,laulau
127,849,849,Morriott International,CourtYord,copenhagen,0,0,0,162,52,30,french,0,laulau
128,32,32,Morriott International,CourtYord,copenhagen,0,0,0,182,57,30,french,0,laulau
129,142,142,Morriott International,Corlton,copenhagen,1,1,0,316,115,30,french,0,laulau
130,922,922,Yin Yang,Royal Lotus,copenhagen,0,1,0,231,63,30,french,0,laulau
131,766,766,Accar Hotels,Safitel,copenhagen,0,1,0,304,102,30,french,0,laulau
132,989,989,Accar Hotels,Ibas,copenhagen,0,0,0,93,22,30,french,0,laulau
133,122,122,Accar Hotels,Safitel,copenhagen,0,1,1,290,120,30,french,0,laulau
134,596,596,Chillton Worldwide,Tripletree,copenhagen,0,0,0,177,40,30,french,0,laulau
135,698,698,Chillton Worldwide,Quadrupletree,copenhagen,0,0,0,198,74,30,french,0,laulau
136,951,951,Independant,Independant,copenhagen,1,0,0,87,47,30,french,0,laulau
137,348,348,Morriott International,CourtYord,copenhagen,0,0,0,162,76,30,french,0,laulau
138,771,771,Accar Hotels,Safitel,copenhagen,1,0,0,299,109,30,french,0,laulau
139,332,332,Chillton Worldwide,Quadrupletree,copenhagen,1,1,0,208,86,30,french,0,laulau
140,978,978,Chillton Worldwide,Chill Garden Inn,copenhagen,1,0,0,299,120,30,french,0,laulau
141,335,335,Independant,Independant,copenhagen,0,0,0,91,46,30,french,0,laulau
142,385,385,Accar Hotels,Safitel,copenhagen,0,0,0,283,101,30,french,0,laulau
143,367,367,Yin Yang,8 Premium,copenhagen,0,0,0,96,24,30,french,0,laulau
0,689,689,Independant,Independant,madrid,0,0,0,88,48,30,austrian,0,laulau
1,378,378,Boss Western,J.Halliday Inn,madrid,0,0,0,135,40,30,austrian,0,laulau
2,388,388,Yin Yang,Ardisson,madrid,1,0,0,133,54,30,austrian,0,laulau
3,427,427,Yin Yang,Royal Lotus,madrid,0,0,0,153,87,30,austrian,0,laulau
4,186,186,Yin Yang,Ardisson,madrid,1,0,0,122,66,30,austrian,0,laulau
5,384,384,Accar Hotels,Marcure,madrid,1,1,0,156,83,30,austrian,0,laulau
6,575,575,Independant,Independant,madrid,1,0,1,93,58,30,austrian,0,laulau
7,67,67,Chillton Worldwide,Chill Garden Inn,madrid,0,0,0,203,126,30,austrian,0,laulau
8,154,154,Accar Hotels,Safitel,madrid,1,1,0,225,103,30,austrian,0,laulau
9,789,789,Accar Hotels,Ibas,madrid,1,0,0,68,20,30,austrian,0,laulau
10,258,258,Morriott International,Morriot,madrid,0,0,1,146,78,30,austrian,0,laulau
11,310,310,Independant,Independant,madrid,0,0,0,66,62,30,austrian,0,laulau
12,733,733,Boss Western,Boss Western,madrid,1,0,0,94,51,30,austrian,0,laulau
13,966,966,Independant,Independant,madrid,0,0,0,67,25,30,austrian,0,laulau
14,284,284,Yin Yang,Ardisson,madrid,1,0,1,129,46,30,austrian,0,laulau
15,822,822,Morriott International,Morriot,madrid,1,0,0,152,78,30,austrian,0,laulau
16,836,836,Yin Yang,Royal Lotus,madrid,1,0,0,146,80,30,austrian,0,laulau
17,444,444,Boss Western,Boss Western,madrid,1,0,0,88,66,30,austrian,0,laulau
18,439,439,Boss Western,Boss Western,madrid,1,0,0,98,40,30,austrian,0,laulau
19,277,277,Chillton Worldwide,Chill Garden Inn,madrid,0,0,0,210,129,30,austrian,0,laulau
20,31,31,Boss Western,Boss Western,madrid,0,0,0,90,44,30,austrian,0,laulau
21,108,108,Independant,Independant,madrid,0,0,0,93,25,30,austrian,0,laulau
22,886,886,Boss Western,Boss Western,madrid,0,0,0,106,42,30,austrian,0,laulau
23,120,120,Yin Yang,Ardisson,madrid,1,0,0,132,50,30,austrian,0,laulau
24,800,800,Independant,Independant,madrid,0,0,0,96,26,30,austrian,0,laulau
25,468,468,Accar Hotels,Ibas,madrid,0,0,0,71,21,30,austrian,0,laulau
26,138,138,Independant,Independant,madrid,0,0,0,69,24,30,austrian,0,laulau
27,458,458,Independant,Independant,madrid,0,0,0,69,41,30,austrian,0,laulau
28,313,313,Accar Hotels,Ibas,madrid,0,0,0,73,18,30,austrian,0,laulau
29,454,454,Boss Western,Boss Western,madrid,1,0,0,90,53,30,austrian,0,laulau
30,164,164,Yin Yang,Ardisson,madrid,1,0,0,127,53,30,austrian,0,laulau
31,135,135,Chillton Worldwide,Chill Garden Inn,madrid,0,1,0,231,106,30,austrian,0,laulau
32,721,721,Independant,Independant,madrid,0,0,0,72,44,30,austrian,0,laulau
33,483,483,Independant,Independant,madrid,0,0,0,100,17,30,austrian,0,laulau
34,297,297,Chillton Worldwide,Chill Garden Inn,madrid,1,1,0,241,108,30,austrian,0,laulau
35,7,7,Independant,Independant,madrid,0,0,0,94,24,30,austrian,0,laulau
36,411,411,Independant,Independant,madrid,0,0,0,98,20,30,austrian,0,laulau
37,312,312,Independant,Independant,madrid,1,1,0,100,54,30,austrian,0,laulau
38,729,729,Accar Hotels,Safitel,madrid,0,1,0,226,111,30,austrian,0,laulau
39,939,939,Morriott International,Morriot,madrid,1,1,0,149,99,30,austrian,0,laulau
40,2,2,Independant,Independant,madrid,0,0,0,91,84,30,austrian,0,laulau
41,941,941,Independant,Independant,madrid,1,0,0,70,21,30,austrian,0,laulau
42,873,873,Accar Hotels,Safitel,madrid,1,1,0,210,111,30,austrian,0,laulau
43,615,615,Accar Hotels,Navatel,madrid,0,0,0,94,48,30,austrian,0,laulau
44,398,398,Yin Yang,8 Premium,madrid,0,0,0,67,24,30,austrian,0,laulau
45,39,39,Accar Hotels,Navatel,madrid,0,0,0,104,36,30,austrian,0,laulau
46,500,500,Independant,Independant,madrid,0,0,0,70,72,30,austrian,0,laulau
47,261,261,Boss Western,Boss Western,madrid,0,0,0,93,51,30,austrian,0,laulau
48,860,860,Yin Yang,Ardisson,madrid,0,0,0,139,44,30,austrian,0,laulau
49,185,185,Morriott International,CourtYord,madrid,0,0,0,133,50,30,austrian,0,laulau
50,495,495,Chillton Worldwide,Chill Garden Inn,madrid,0,0,0,242,107,30,austrian,0,laulau
51,276,276,Yin Yang,8 Premium,madrid,0,0,0,74,17,30,austrian,0,laulau
52,525,525,Boss Western,Boss Western,madrid,0,0,0,93,40,30,austrian,0,laulau
53,909,909,Yin Yang,8 Premium,madrid,1,0,0,71,21,30,austrian,0,laulau
54,710,710,Accar Hotels,Navatel,madrid,0,0,0,106,38,30,austrian,0,laulau
55,600,600,Independant,Independant,madrid,1,0,0,63,27,30,austrian,0,laulau
56,333,333,Boss Western,Boss Western,madrid,0,0,0,92,40,30,austrian,0,laulau
57,499,499,Accar Hotels,Marcure,madrid,0,1,0,157,66,30,austrian,0,laulau
58,633,633,Morriott International,CourtYord,madrid,0,0,0,124,64,30,austrian,0,laulau
59,780,780,Accar Hotels,Safitel,madrid,1,1,0,203,107,30,austrian,0,laulau
60,904,904,Boss Western,Boss Western,madrid,0,0,0,106,40,30,austrian,0,laulau
61,393,393,Boss Western,J.Halliday Inn,madrid,0,0,0,135,52,30,austrian,0,laulau
62,768,768,Accar Hotels,Safitel,madrid,0,1,0,222,97,30,austrian,0,laulau
63,149,149,Morriott International,Morriot,madrid,1,0,0,175,68,30,austrian,0,laulau
64,845,845,Accar Hotels,Safitel,madrid,0,0,0,212,101,30,austrian,0,laulau
65,737,737,Accar Hotels,Marcure,madrid,0,0,0,154,80,30,austrian,0,laulau
66,997,997,Chillton Worldwide,Tripletree,madrid,0,0,0,138,48,30,austrian,0,laulau
67,717,717,Accar Hotels,Safitel,madrid,1,1,0,227,99,30,austrian,0,laulau
68,847,847,Boss Western,Boss Western,madrid,0,0,0,89,65,30,austrian,0,laulau
69,609,609,Chillton Worldwide,Quadrupletree,madrid,1,0,0,145,103,30,austrian,0,laulau
70,936,936,Boss Western,J.Halliday Inn,madrid,1,0,0,135,52,30,austrian,0,laulau
71,527,527,Yin Yang,Ardisson,madrid,0,0,0,128,54,30,austrian,0,laulau
72,174,174,Accar Hotels,Marcure,madrid,0,0,0,138,89,30,austrian,0,laulau
73,131,131,Morriott International,Morriot,madrid,1,1,0,154,80,30,austrian,0,laulau
74,901,901,Morriott International,Corlton,madrid,1,1,0,217,106,30,austrian,0,laulau
75,97,97,Accar Hotels,Safitel,madrid,1,1,0,214,116,30,austrian,0,laulau
76,606,606,Accar Hotels,Safitel,madrid,0,0,0,211,126,30,austrian,0,laulau
77,246,246,Morriott International,Corlton,madrid,0,1,0,209,113,30,austrian,0,laulau
78,102,102,Morriott International,Corlton,madrid,1,1,0,214,129,30,austrian,0,laulau
79,265,265,Morriott International,Corlton,madrid,0,1,0,223,94,30,austrian,0,laulau
80,322,322,Independant,Independant,madrid,1,0,0,88,33,30,austrian,0,laulau
81,418,418,Boss Western,J.Halliday Inn,madrid,1,0,0,142,52,30,austrian,0,laulau
82,126,126,Independant,Independant,madrid,0,0,0,84,40,30,austrian,0,laulau
83,673,673,Yin Yang,Royal Lotus,madrid,0,0,0,163,73,30,austrian,0,laulau
84,351,351,Independant,Independant,madrid,0,0,0,83,26,30,austrian,0,laulau
85,54,54,Independant,Independant,madrid,0,0,0,87,66,30,austrian,0,laulau
86,561,561,Independant,Independant,madrid,0,0,0,67,29,30,austrian,0,laulau
87,697,697,Yin Yang,Ardisson,madrid,0,0,0,135,48,30,austrian,0,laulau
88,235,235,Morriott International,CourtYord,madrid,0,0,0,130,50,30,austrian,0,laulau
89,147,147,Yin Yang,Royal Lotus,madrid,1,1,0,164,67,30,austrian,0,laulau
90,205,205,Independant,Independant,madrid,1,0,0,90,23,30,austrian,0,laulau
91,413,413,Morriott International,Corlton,madrid,0,0,0,202,152,30,austrian,0,laulau
92,747,747,Morriott International,Morriot,madrid,1,0,0,147,90,30,austrian,0,laulau
93,285,285,Independant,Independant,madrid,1,0,0,92,26,30,austrian,0,laulau
94,20,20,Independant,Independant,madrid,1,0,0,70,27,30,austrian,0,laulau
95,964,964,Morriott International,CourtYord,madrid,0,1,0,135,52,30,austrian,0,laulau
96,79,79,Boss Western,Boss Western,madrid,0,0,0,95,46,30,austrian,0,laulau
97,870,870,Independant,Independant,madrid,0,0,0,74,24,30,austrian,0,laulau
98,241,241,Boss Western,J.Halliday Inn,madrid,1,0,0,133,49,30,austrian,0,laulau
99,75,75,Boss Western,Boss Western,madrid,0,0,0,100,38,30,austrian,0,laulau
100,619,619,Independant,Independant,madrid,1,0,0,125,47,30,austrian,0,laulau
101,828,828,Independant,Independant,madrid,0,0,0,122,25,30,austrian,0,laulau
102,791,791,Boss Western,Boss Western,madrid,1,0,0,96,42,30,austrian,0,laulau
103,798,798,Accar Hotels,Safitel,madrid,0,0,1,214,103,30,austrian,0,laulau
104,252,252,Morriott International,Morriot,madrid,1,1,0,160,81,30,austrian,0,laulau
105,857,857,Accar Hotels,Navatel,madrid,1,0,0,95,43,30,austrian,0,laulau
106,478,478,Accar Hotels,Navatel,madrid,0,0,0,100,39,30,austrian,0,laulau
107,414,414,Independant,Independant,madrid,0,0,0,69,47,30,austrian,0,laulau
108,888,888,Morriott International,Corlton,madrid,1,0,1,218,105,30,austrian,0,laulau
109,127,127,Independant,Independant,madrid,1,0,0,74,32,30,austrian,0,laulau
110,233,233,Chillton Worldwide,Tripletree,madrid,0,0,0,137,48,30,austrian,0,laulau
111,93,93,Chillton Worldwide,Chill Garden Inn,madrid,1,0,0,231,95,30,austrian,0,laulau
112,538,538,Independant,Independant,madrid,0,0,0,120,53,30,austrian,0,laulau
113,982,982,Morriott International,Morriot,madrid,1,0,0,147,76,30,austrian,0,laulau
114,175,175,Boss Western,Boss Western,madrid,1,0,0,95,40,30,austrian,0,laulau
115,618,618,Accar Hotels,Navatel,madrid,1,0,0,104,39,30,austrian,0,laulau
0,499,499,Accar Hotels,Marcure,madrid,0,1,0,148,66,30,dutch,0,laulau
1,888,888,Morriott International,Corlton,madrid,1,0,1,206,105,30,dutch,0,laulau
2,79,79,Boss Western,Boss Western,madrid,0,0,0,90,46,30,dutch,0,laulau
3,964,964,Morriott International,CourtYord,madrid,0,1,0,127,52,30,dutch,0,laulau
4,673,673,Yin Yang,Royal Lotus,madrid,0,0,0,154,73,30,dutch,0,laulau
5,606,606,Accar Hotels,Safitel,madrid,0,0,0,199,126,30,dutch,0,laulau
6,277,277,Chillton Worldwide,Chill Garden Inn,madrid,0,0,0,198,129,30,dutch,0,laulau
7,966,966,Independant,Independant,madrid,0,0,0,63,25,30,dutch,0,laulau
8,936,936,Boss Western,J.Halliday Inn,madrid,1,0,0,127,52,30,dutch,0,laulau
9,909,909,Yin Yang,8 Premium,madrid,1,0,0,67,21,30,dutch,0,laulau
10,75,75,Boss Western,Boss Western,madrid,0,0,0,95,38,30,dutch,0,laulau
11,67,67,Chillton Worldwide,Chill Garden Inn,madrid,0,0,0,192,126,30,dutch,0,laulau
12,633,633,Morriott International,CourtYord,madrid,0,0,0,117,64,30,dutch,0,laulau
13,697,697,Yin Yang,Ardisson,madrid,0,0,0,127,48,30,dutch,0,laulau
14,241,241,Boss Western,J.Halliday Inn,madrid,1,0,0,126,49,30,dutch,0,laulau
15,791,791,Boss Western,Boss Western,madrid,1,0,0,91,42,30,dutch,0,laulau
16,527,527,Yin Yang,Ardisson,madrid,0,0,0,121,54,30,dutch,0,laulau
17,609,609,Chillton Worldwide,Quadrupletree,madrid,1,0,0,137,103,30,dutch,0,laulau
18,126,126,Independant,Independant,madrid,0,0,0,80,40,30,dutch,0,laulau
19,31,31,Boss Western,Boss Western,madrid,0,0,0,85,44,30,dutch,0,laulau
20,261,261,Boss Western,Boss Western,madrid,0,0,0,88,51,30,dutch,0,laulau
21,870,870,Independant,Independant,madrid,0,0,0,69,24,30,dutch,0,laulau
22,384,384,Accar Hotels,Marcure,madrid,1,1,0,147,83,30,dutch,0,laulau
23,164,164,Yin Yang,Ardisson,madrid,1,0,0,120,53,30,dutch,0,laulau
24,313,313,Accar Hotels,Ibas,madrid,0,0,0,69,18,30,dutch,0,laulau
25,444,444,Boss Western,Boss Western,madrid,1,0,0,83,66,30,dutch,0,laulau
26,997,997,Chillton Worldwide,Tripletree,madrid,0,0,0,130,48,30,dutch,0,laulau
27,836,836,Yin Yang,Royal Lotus,madrid,1,0,0,138,80,30,dutch,0,laulau
28,297,297,Chillton Worldwide,Chill Garden Inn,madrid,1,1,0,227,108,30,dutch,0,laulau
29,468,468,Accar Hotels,Ibas,madrid,0,0,0,67,21,30,dutch,0,laulau
30,413,413,Morriott International,Corlton,madrid,0,0,0,191,152,30,dutch,0,laulau
31,615,615,Accar Hotels,Navatel,madrid,0,0,0,89,48,30,dutch,0,laulau
32,154,154,Accar Hotels,Safitel,madrid,1,1,0,213,103,30,dutch,0,laulau
33,500,500,Independant,Independant,madrid,0,0,0,66,72,30,dutch,0,laulau
34,710,710,Accar Hotels,Navatel,madrid,0,0,0,100,38,30,dutch,0,laulau
35,138,138,Independant,Independant,madrid,0,0,0,65,24,30,dutch,0,laulau
36,131,131,Morriott International,Morriot,madrid,1,1,0,146,80,30,dutch,0,laulau
37,789,789,Accar Hotels,Ibas,madrid,1,0,0,65,20,30,dutch,0,laulau
38,333,333,Boss Western,Boss Western,madrid,0,0,0,87,40,30,dutch,0,laulau
39,941,941,Independant,Independant,madrid,1,0,0,66,21,30,dutch,0,laulau
40,478,478,Accar Hotels,Navatel,madrid,0,0,0,95,39,30,dutch,0,laulau
41,619,619,Independant,Independant,madrid,1,0,0,119,47,30,dutch,0,laulau
42,733,733,Boss Western,Boss Western,madrid,1,0,0,89,51,30,dutch,0,laulau
43,351,351,Independant,Independant,madrid,0,0,0,79,26,30,dutch,0,laulau
44,822,822,Morriott International,Morriot,madrid,1,0,0,144,78,30,dutch,0,laulau
45,847,847,Boss Western,Boss Western,madrid,0,0,0,84,65,30,dutch,0,laulau
46,798,798,Accar Hotels,Safitel,madrid,0,0,1,202,103,30,dutch,0,laulau
47,108,108,Independant,Independant,madrid,0,0,0,88,25,30,dutch,0,laulau
48,312,312,Independant,Independant,madrid,1,1,0,94,54,30,dutch,0,laulau
49,600,600,Independant,Independant,madrid,1,0,0,59,27,30,dutch,0,laulau
50,284,284,Yin Yang,Ardisson,madrid,1,0,1,122,46,30,dutch,0,laulau
51,857,857,Accar Hotels,Navatel,madrid,1,0,0,90,43,30,dutch,0,laulau
52,561,561,Independant,Independant,madrid,0,0,0,63,29,30,dutch,0,laulau
53,411,411,Independant,Independant,madrid,0,0,0,93,20,30,dutch,0,laulau
54,120,120,Yin Yang,Ardisson,madrid,1,0,0,125,50,30,dutch,0,laulau
55,127,127,Independant,Independant,madrid,1,0,0,69,32,30,dutch,0,laulau
56,414,414,Independant,Independant,madrid,0,0,0,65,47,30,dutch,0,laulau
57,737,737,Accar Hotels,Marcure,madrid,0,0,0,146,80,30,dutch,0,laulau
58,398,398,Yin Yang,8 Premium,madrid,0,0,0,64,24,30,dutch,0,laulau
59,729,729,Accar Hotels,Safitel,madrid,0,1,0,214,111,30,dutch,0,laulau
60,618,618,Accar Hotels,Navatel,madrid,1,0,0,98,39,30,dutch,0,laulau
61,39,39,Accar Hotels,Navatel,madrid,0,0,0,98,36,30,dutch,0,laulau
62,747,747,Morriott International,Morriot,madrid,1,0,0,139,90,30,dutch,0,laulau
63,860,860,Yin Yang,Ardisson,madrid,0,0,0,131,44,30,dutch,0,laulau
64,149,149,Morriott International,Morriot,madrid,1,0,0,166,68,30,dutch,0,laulau
65,54,54,Independant,Independant,madrid,0,0,0,82,66,30,dutch,0,laulau
66,780,780,Accar Hotels,Safitel,madrid,1,1,0,192,107,30,dutch,0,laulau
67,205,205,Independant,Independant,madrid,1,0,0,85,23,30,dutch,0,laulau
68,458,458,Independant,Independant,madrid,0,0,0,65,41,30,dutch,0,laulau
69,102,102,Morriott International,Corlton,madrid,1,1,0,202,129,30,dutch,0,laulau
70,93,93,Chillton Worldwide,Chill Garden Inn,madrid,1,0,0,218,95,30,dutch,0,laulau
71,186,186,Yin Yang,Ardisson,madrid,1,0,0,116,66,30,dutch,0,laulau
72,418,418,Boss Western,J.Halliday Inn,madrid,1,0,0,134,52,30,dutch,0,laulau
73,322,322,Independant,Independant,madrid,1,0,0,83,33,30,dutch,0,laulau
74,845,845,Accar Hotels,Safitel,madrid,0,0,0,200,101,30,dutch,0,laulau
75,525,525,Boss Western,Boss Western,madrid,0,0,0,88,40,30,dutch,0,laulau
76,873,873,Accar Hotels,Safitel,madrid,1,1,0,198,111,30,dutch,0,laulau
77,939,939,Morriott International,Morriot,madrid,1,1,0,141,99,30,dutch,0,laulau
78,982,982,Morriott International,Morriot,madrid,1,0,0,139,76,30,dutch,0,laulau
79,185,185,Morriott International,CourtYord,madrid,0,0,0,126,50,30,dutch,0,laulau
80,689,689,Independant,Independant,madrid,0,0,0,83,48,30,dutch,0,laulau
81,310,310,Independant,Independant,madrid,0,0,0,62,62,30,dutch,0,laulau
82,901,901,Morriott International,Corlton,madrid,1,1,0,205,106,30,dutch,0,laulau
83,454,454,Boss Western,Boss Western,madrid,1,0,0,85,53,30,dutch,0,laulau
84,235,235,Morriott International,CourtYord,madrid,0,0,0,123,50,30,dutch,0,laulau
85,717,717,Accar Hotels,Safitel,madrid,1,1,0,215,99,30,dutch,0,laulau
86,483,483,Independant,Independant,madrid,0,0,0,94,17,30,dutch,0,laulau
87,233,233,Chillton Worldwide,Tripletree,madrid,0,0,0,129,48,30,dutch,0,laulau
88,2,2,Independant,Independant,madrid,0,0,0,86,84,30,dutch,0,laulau
89,265,265,Morriott International,Corlton,madrid,0,1,0,211,94,30,dutch,0,laulau
90,800,800,Independant,Independant,madrid,0,0,0,91,26,30,dutch,0,laulau
91,388,388,Yin Yang,Ardisson,madrid,1,0,0,126,54,30,dutch,0,laulau
92,135,135,Chillton Worldwide,Chill Garden Inn,madrid,0,1,0,218,106,30,dutch,0,laulau
93,285,285,Independant,Independant,madrid,1,0,0,87,26,30,dutch,0,laulau
94,252,252,Morriott International,Morriot,madrid,1,1,0,151,81,30,dutch,0,laulau
95,768,768,Accar Hotels,Safitel,madrid,0,1,0,210,97,30,dutch,0,laulau
96,393,393,Boss Western,J.Halliday Inn,madrid,0,0,0,127,52,30,dutch,0,laulau
97,439,439,Boss Western,Boss Western,madrid,1,0,0,93,40,30,dutch,0,laulau
98,258,258,Morriott International,Morriot,madrid,0,0,1,138,78,30,dutch,0,laulau
99,246,246,Morriott International,Corlton,madrid,0,1,0,197,113,30,dutch,0,laulau
100,828,828,Independant,Independant,madrid,0,0,0,115,25,30,dutch,0,laulau
101,495,495,Chillton Worldwide,Chill Garden Inn,madrid,0,0,0,228,107,30,dutch,0,laulau
102,97,97,Accar Hotels,Safitel,madrid,1,1,0,202,116,30,dutch,0,laulau
103,538,538,Independant,Independant,madrid,0,0,0,113,53,30,dutch,0,laulau
104,174,174,Accar Hotels,Marcure,madrid,0,0,0,130,89,30,dutch,0,laulau
105,904,904,Boss Western,Boss Western,madrid,0,0,0,100,40,30,dutch,0,laulau
106,575,575,Independant,Independant,madrid,1,0,1,88,58,30,dutch,0,laulau
107,721,721,Independant,Independant,madrid,0,0,0,68,44,30,dutch,0,laulau
108,427,427,Yin Yang,Royal Lotus,madrid,0,0,0,145,87,30,dutch,0,laulau
109,378,378,Boss Western,J.Halliday Inn,madrid,0,0,0,127,40,30,dutch,0,laulau
110,276,276,Yin Yang,8 Premium,madrid,0,0,0,70,17,30,dutch,0,laulau
111,886,886,Boss Western,Boss Western,madrid,0,0,0,100,42,30,dutch,0,laulau
112,20,20,Independant,Independant,madrid,1,0,0,66,27,30,dutch,0,laulau
113,175,175,Boss Western,Boss Western,madrid,1,0,0,90,40,30,dutch,0,laulau
114,7,7,Independant,Independant,madrid,0,0,0,89,24,30,dutch,0,laulau
115,147,147,Yin Yang,Royal Lotus,madrid,1,1,0,155,67,30,dutch,0,laulau
0,732,732,Accar Hotels,Marcure,valletta,0,0,0,160,93,30,belgian,0,laulau
1,237,237,Morriott International,CourtYord,valletta,1,0,0,143,56,30,belgian,0,laulau
2,244,244,Accar Hotels,Safitel,valletta,1,1,0,274,88,30,belgian,0,laulau
3,106,106,Chillton Worldwide,Tripletree,valletta,1,0,0,141,52,30,belgian,0,laulau
4,389,389,Accar Hotels,Navatel,valletta,0,0,0,106,38,30,belgian,0,laulau
5,371,371,Independant,Independant,valletta,0,0,0,94,46,30,belgian,0,laulau
6,334,334,Yin Yang,8 Premium,valletta,0,0,0,78,23,30,belgian,0,laulau
7,363,363,Boss Western,J.Halliday Inn,valletta,1,0,0,133,50,30,belgian,0,laulau
8,639,639,Yin Yang,Royal Lotus,valletta,0,1,0,162,76,30,belgian,0,laulau
9,718,718,Boss Western,J.Halliday Inn,valletta,0,0,0,137,56,30,belgian,0,laulau
10,965,965,Boss Western,J.Halliday Inn,valletta,0,0,0,133,56,30,belgian,0,laulau
11,55,55,Boss Western,Boss Western,valletta,1,0,0,104,41,30,belgian,0,laulau
12,360,360,Accar Hotels,Marcure,valletta,1,0,0,160,62,30,belgian,0,laulau
13,476,476,Independant,Independant,valletta,1,0,0,123,33,30,belgian,0,laulau
14,592,592,Morriott International,Corlton,valletta,1,1,0,247,99,30,belgian,0,laulau
15,985,985,Independant,Independant,valletta,1,0,0,68,54,30,belgian,0,laulau
16,466,466,Yin Yang,Ardisson,valletta,1,0,0,135,56,30,belgian,0,laulau
17,480,480,Independant,Independant,valletta,0,0,0,69,22,30,belgian,0,laulau
18,643,643,Accar Hotels,Ibas,valletta,1,0,0,74,25,30,belgian,0,laulau
19,81,81,Boss Western,J.Halliday Inn,valletta,0,0,0,127,62,30,belgian,0,laulau
20,325,325,Independant,Independant,valletta,0,0,0,100,23,30,belgian,0,laulau
21,754,754,Accar Hotels,Safitel,valletta,1,0,0,229,108,30,belgian,0,laulau
22,209,209,Independant,Independant,valletta,1,0,0,70,46,30,belgian,0,laulau
23,424,424,Chillton Worldwide,Quadrupletree,valletta,0,1,0,164,74,30,belgian,0,laulau
24,832,832,Independant,Independant,valletta,1,0,0,130,48,30,belgian,0,laulau
25,282,282,Yin Yang,Ardisson,valletta,0,0,0,132,50,30,belgian,0,laulau
26,491,491,Morriott International,Morriot,valletta,0,0,0,157,85,30,belgian,0,laulau
27,746,746,Yin Yang,Royal Lotus,valletta,1,1,1,154,71,30,belgian,0,laulau
28,504,504,Morriott International,Morriot,valletta,0,0,0,155,74,30,belgian,0,laulau
29,200,200,Boss Western,J.Halliday Inn,valletta,0,0,0,130,66,30,belgian,0,laulau
30,749,749,Independant,Independant,valletta,0,0,0,101,23,30,belgian,0,laulau
31,295,295,Yin Yang,8 Premium,valletta,0,0,0,72,21,30,belgian,0,laulau
32,404,404,Independant,Independant,valletta,0,0,0,139,20,30,belgian,0,laulau
33,160,160,Independant,Independant,valletta,1,0,0,92,21,30,belgian,0,laulau
34,709,709,Independant,Independant,valletta,1,0,0,138,52,30,belgian,0,laulau
35,859,859,Independant,Independant,valletta,0,0,0,132,58,30,belgian,0,laulau
36,376,376,Accar Hotels,Marcure,valletta,0,0,0,159,93,30,belgian,0,laulau
37,719,719,Yin Yang,Royal Lotus,valletta,0,0,0,152,97,30,belgian,0,laulau
38,861,861,Accar Hotels,Marcure,valletta,0,0,0,173,73,30,belgian,0,laulau
39,512,512,Yin Yang,Royal Lotus,valletta,1,1,0,179,67,30,belgian,0,laulau
40,988,988,Boss Western,J.Halliday Inn,valletta,1,0,0,140,49,30,belgian,0,laulau
41,400,400,Independant,Independant,valletta,0,0,0,97,55,30,belgian,0,laulau
42,598,598,Boss Western,J.Halliday Inn,valletta,1,1,0,140,55,30,belgian,0,laulau
43,521,521,Accar Hotels,Ibas,valletta,1,0,0,67,24,30,belgian,0,laulau
44,905,905,Yin Yang,Ardisson,valletta,0,0,0,127,65,30,belgian,0,laulau
45,501,501,Yin Yang,8 Premium,valletta,1,0,0,74,22,30,belgian,0,laulau
46,377,377,Boss Western,J.Halliday Inn,valletta,1,0,0,127,64,30,belgian,0,laulau
47,134,134,Yin Yang,8 Premium,valletta,1,0,0,77,22,30,belgian,0,laulau
0,718,718,Boss Western,J.Halliday Inn,valletta,0,0,0,138,56,30,belgian,1,laulau
1,491,491,Morriott International,Morriot,valletta,0,0,0,157,85,30,belgian,1,laulau
2,521,521,Accar Hotels,Ibas,valletta,1,0,0,67,24,30,belgian,1,laulau
3,237,237,Morriott International,CourtYord,valletta,1,0,0,143,56,30,belgian,1,laulau
4,754,754,Accar Hotels,Safitel,valletta,1,0,0,229,108,30,belgian,1,laulau
5,512,512,Yin Yang,Royal Lotus,valletta,1,1,0,179,67,30,belgian,1,laulau
6,376,376,Accar Hotels,Marcure,valletta,0,0,0,159,93,30,belgian,1,laulau
7,832,832,Independant,Independant,valletta,1,0,0,130,48,30,belgian,1,laulau
8,282,282,Yin Yang,Ardisson,valletta,0,0,0,132,50,30,belgian,1,laulau
9,749,749,Independant,Independant,valletta,0,0,0,101,23,30,belgian,1,laulau
10,643,643,Accar Hotels,Ibas,valletta,1,0,0,74,25,30,belgian,1,laulau
11,719,719,Yin Yang,Royal Lotus,valletta,0,0,0,152,97,30,belgian,1,laulau
12,985,985,Independant,Independant,valletta,1,0,0,68,54,30,belgian,1,laulau
13,400,400,Independant,Independant,valletta,0,0,0,97,55,30,belgian,1,laulau
14,501,501,Yin Yang,8 Premium,valletta,1,0,0,74,22,30,belgian,1,laulau
15,377,377,Boss Western,J.Halliday Inn,valletta,1,0,0,127,64,30,belgian,1,laulau
16,295,295,Yin Yang,8 Premium,valletta,0,0,0,72,21,30,belgian,1,laulau
17,732,732,Accar Hotels,Marcure,valletta,0,0,0,161,93,30,belgian,1,laulau
18,746,746,Yin Yang,Royal Lotus,valletta,1,1,1,154,71,30,belgian,1,laulau
19,371,371,Independant,Independant,valletta,0,0,0,94,46,30,belgian,1,laulau
20,160,160,Independant,Independant,valletta,1,0,0,92,21,30,belgian,1,laulau
21,598,598,Boss Western,J.Halliday Inn,valletta,1,1,0,141,55,30,belgian,1,laulau
22,592,592,Morriott International,Corlton,valletta,1,1,0,247,99,30,belgian,1,laulau
23,965,965,Boss Western,J.Halliday Inn,valletta,0,0,0,133,56,30,belgian,1,laulau
24,81,81,Boss Western,J.Halliday Inn,valletta,0,0,0,127,62,30,belgian,1,laulau
25,200,200,Boss Western,J.Halliday Inn,valletta,0,0,0,130,66,30,belgian,1,laulau
26,905,905,Yin Yang,Ardisson,valletta,0,0,0,127,65,30,belgian,1,laulau
27,709,709,Independant,Independant,valletta,1,0,0,138,52,30,belgian,1,laulau
28,360,360,Accar Hotels,Marcure,valletta,1,0,0,161,62,30,belgian,1,laulau
29,504,504,Morriott International,Morriot,valletta,0,0,0,155,74,30,belgian,1,laulau
30,106,106,Chillton Worldwide,Tripletree,valletta,1,0,0,142,52,30,belgian,1,laulau
31,988,988,Boss Western,J.Halliday Inn,valletta,1,0,0,141,49,30,belgian,1,laulau
32,480,480,Independant,Independant,valletta,0,0,0,69,22,30,belgian,1,laulau
33,466,466,Yin Yang,Ardisson,valletta,1,0,0,135,56,30,belgian,1,laulau
34,209,209,Independant,Independant,valletta,1,0,0,71,46,30,belgian,1,laulau
35,55,55,Boss Western,Boss Western,valletta,1,0,0,104,41,30,belgian,1,laulau
36,476,476,Independant,Independant,valletta,1,0,0,124,33,30,belgian,1,laulau
37,861,861,Accar Hotels,Marcure,valletta,0,0,0,173,73,30,belgian,1,laulau
38,363,363,Boss Western,J.Halliday Inn,valletta,1,0,0,133,50,30,belgian,1,laulau
39,404,404,Independant,Independant,valletta,0,0,0,139,20,30,belgian,1,laulau
40,244,244,Accar Hotels,Safitel,valletta,1,1,0,274,88,30,belgian,1,laulau
41,424,424,Chillton Worldwide,Quadrupletree,valletta,0,1,0,165,74,30,belgian,1,laulau
42,325,325,Independant,Independant,valletta,0,0,0,100,23,30,belgian,1,laulau
43,859,859,Independant,Independant,valletta,0,0,0,132,58,30,belgian,1,laulau
44,639,639,Yin Yang,Royal Lotus,valletta,0,1,0,163,76,30,belgian,1,laulau
45,389,389,Accar Hotels,Navatel,valletta,0,0,0,106,38,30,belgian,1,laulau
46,134,134,Yin Yang,8 Premium,valletta,1,0,0,77,22,30,belgian,1,laulau
47,334,334,Yin Yang,8 Premium,valletta,0,0,0,78,23,30,belgian,1,laulau
0,389,389,Accar Hotels,Navatel,valletta,0,0,0,110,38,30,czech,0,laulau
1,377,377,Boss Western,J.Halliday Inn,valletta,1,0,0,131,64,30,czech,0,laulau
2,719,719,Yin Yang,Royal Lotus,valletta,0,0,0,157,97,30,czech,0,laulau
3,746,746,Yin Yang,Royal Lotus,valletta,1,1,1,159,71,30,czech,0,laulau
4,55,55,Boss Western,Boss Western,valletta,1,0,0,108,41,30,czech,0,laulau
5,325,325,Independant,Independant,valletta,0,0,0,103,23,30,czech,0,laulau
6,988,988,Boss Western,J.Halliday Inn,valletta,1,0,0,145,49,30,czech,0,laulau
7,718,718,Boss Western,J.Halliday Inn,valletta,0,0,0,142,56,30,czech,0,laulau
8,592,592,Morriott International,Corlton,valletta,1,1,0,255,99,30,czech,0,laulau
9,200,200,Boss Western,J.Halliday Inn,valletta,0,0,0,134,66,30,czech,0,laulau
10,985,985,Independant,Independant,valletta,1,0,0,71,54,30,czech,0,laulau
11,400,400,Independant,Independant,valletta,0,0,0,100,55,30,czech,0,laulau
12,476,476,Independant,Independant,valletta,1,0,0,128,33,30,czech,0,laulau
13,861,861,Accar Hotels,Marcure,valletta,0,0,0,179,73,30,czech,0,laulau
14,466,466,Yin Yang,Ardisson,valletta,1,0,0,140,56,30,czech,0,laulau
15,598,598,Boss Western,J.Halliday Inn,valletta,1,1,0,145,55,30,czech,0,laulau
16,106,106,Chillton Worldwide,Tripletree,valletta,1,0,0,146,52,30,czech,0,laulau
17,244,244,Accar Hotels,Safitel,valletta,1,1,0,283,88,30,czech,0,laulau
18,732,732,Accar Hotels,Marcure,valletta,0,0,0,166,93,30,czech,0,laulau
19,334,334,Yin Yang,8 Premium,valletta,0,0,0,81,23,30,czech,0,laulau
20,749,749,Independant,Independant,valletta,0,0,0,104,23,30,czech,0,laulau
21,360,360,Accar Hotels,Marcure,valletta,1,0,0,166,62,30,czech,0,laulau
22,859,859,Independant,Independant,valletta,0,0,0,136,58,30,czech,0,laulau
23,504,504,Morriott International,Morriot,valletta,0,0,0,160,74,30,czech,0,laulau
24,639,639,Yin Yang,Royal Lotus,valletta,0,1,0,168,76,30,czech,0,laulau
25,282,282,Yin Yang,Ardisson,valletta,0,0,0,137,50,30,czech,0,laulau
26,521,521,Accar Hotels,Ibas,valletta,1,0,0,69,24,30,czech,0,laulau
27,81,81,Boss Western,J.Halliday Inn,valletta,0,0,0,131,62,30,czech,0,laulau
28,134,134,Yin Yang,8 Premium,valletta,1,0,0,80,22,30,czech,0,laulau
29,491,491,Morriott International,Morriot,valletta,0,0,0,162,85,30,czech,0,laulau
30,371,371,Independant,Independant,valletta,0,0,0,97,46,30,czech,0,laulau
31,643,643,Accar Hotels,Ibas,valletta,1,0,0,76,25,30,czech,0,laulau
32,363,363,Boss Western,J.Halliday Inn,valletta,1,0,0,138,50,30,czech,0,laulau
33,160,160,Independant,Independant,valletta,1,0,0,95,21,30,czech,0,laulau
34,965,965,Boss Western,J.Halliday Inn,valletta,0,0,0,138,56,30,czech,0,laulau
35,512,512,Yin Yang,Royal Lotus,valletta,1,1,0,185,67,30,czech,0,laulau
36,905,905,Yin Yang,Ardisson,valletta,0,0,0,131,65,30,czech,0,laulau
37,832,832,Independant,Independant,valletta,1,0,0,134,48,30,czech,0,laulau
38,754,754,Accar Hotels,Safitel,valletta,1,0,0,237,108,30,czech,0,laulau
39,480,480,Independant,Independant,valletta,0,0,0,72,22,30,czech,0,laulau
40,501,501,Yin Yang,8 Premium,valletta,1,0,0,76,22,30,czech,0,laulau
41,295,295,Yin Yang,8 Premium,valletta,0,0,0,74,21,30,czech,0,laulau
42,209,209,Independant,Independant,valletta,1,0,0,73,46,30,czech,0,laulau
43,376,376,Accar Hotels,Marcure,valletta,0,0,0,165,93,30,czech,0,laulau
44,237,237,Morriott International,CourtYord,valletta,1,0,0,147,56,30,czech,0,laulau
45,709,709,Independant,Independant,valletta,1,0,0,142,52,30,czech,0,laulau
46,404,404,Independant,Independant,valletta,0,0,0,143,20,30,czech,0,laulau
47,424,424,Chillton Worldwide,Quadrupletree,valletta,0,1,0,170,74,30,czech,0,laulau
0,965,965,Boss Western,J.Halliday Inn,valletta,0,0,0,140,56,30,czech,1,laulau
1,389,389,Accar Hotels,Navatel,valletta,0,0,0,111,38,30,czech,1,laulau
2,491,491,Morriott International,Morriot,valletta,0,0,0,165,85,30,czech,1,laulau
3,719,719,Yin Yang,Royal Lotus,valletta,0,0,0,159,97,30,czech,1,laulau
4,81,81,Boss Western,J.Halliday Inn,valletta,0,0,0,133,62,30,czech,1,laulau
5,592,592,Morriott International,Corlton,valletta,1,1,0,259,99,30,czech,1,laulau
6,476,476,Independant,Independant,valletta,1,0,0,129,33,30,czech,1,laulau
7,521,521,Accar Hotels,Ibas,valletta,1,0,0,70,24,30,czech,1,laulau
8,985,985,Independant,Independant,valletta,1,0,0,72,54,30,czech,1,laulau
9,859,859,Independant,Independant,valletta,0,0,0,138,58,30,czech,1,laulau
10,400,400,Independant,Independant,valletta,0,0,0,102,55,30,czech,1,laulau
11,746,746,Yin Yang,Royal Lotus,valletta,1,1,1,161,71,30,czech,1,laulau
12,749,749,Independant,Independant,valletta,0,0,0,106,23,30,czech,1,laulau
13,643,643,Accar Hotels,Ibas,valletta,1,0,0,77,25,30,czech,1,laulau
14,200,200,Boss Western,J.Halliday Inn,valletta,0,0,0,136,66,30,czech,1,laulau
15,480,480,Independant,Independant,valletta,0,0,0,73,22,30,czech,1,laulau
16,861,861,Accar Hotels,Marcure,valletta,0,0,0,181,73,30,czech,1,laulau
17,371,371,Independant,Independant,valletta,0,0,0,98,46,30,czech,1,laulau
18,160,160,Independant,Independant,valletta,1,0,0,96,21,30,czech,1,laulau
19,377,377,Boss Western,J.Halliday Inn,valletta,1,0,0,133,64,30,czech,1,laulau
20,639,639,Yin Yang,Royal Lotus,valletta,0,1,0,170,76,30,czech,1,laulau
21,134,134,Yin Yang,8 Premium,valletta,1,0,0,81,22,30,czech,1,laulau
22,988,988,Boss Western,J.Halliday Inn,valletta,1,0,0,147,49,30,czech,1,laulau
23,466,466,Yin Yang,Ardisson,valletta,1,0,0,142,56,30,czech,1,laulau
24,334,334,Yin Yang,8 Premium,valletta,0,0,0,82,23,30,czech,1,laulau
25,237,237,Morriott International,CourtYord,valletta,1,0,0,149,56,30,czech,1,laulau
26,360,360,Accar Hotels,Marcure,valletta,1,0,0,168,62,30,czech,1,laulau
27,501,501,Yin Yang,8 Premium,valletta,1,0,0,77,22,30,czech,1,laulau
28,732,732,Accar Hotels,Marcure,valletta,0,0,0,168,93,30,czech,1,laulau
29,512,512,Yin Yang,Royal Lotus,valletta,1,1,0,188,67,30,czech,1,laulau
30,295,295,Yin Yang,8 Premium,valletta,0,0,0,75,21,30,czech,1,laulau
31,709,709,Independant,Independant,valletta,1,0,0,144,52,30,czech,1,laulau
32,209,209,Independant,Independant,valletta,1,0,0,74,46,30,czech,1,laulau
33,376,376,Accar Hotels,Marcure,valletta,0,0,0,167,93,30,czech,1,laulau
34,282,282,Yin Yang,Ardisson,valletta,0,0,0,139,50,30,czech,1,laulau
35,718,718,Boss Western,J.Halliday Inn,valletta,0,0,0,144,56,30,czech,1,laulau
36,905,905,Yin Yang,Ardisson,valletta,0,0,0,133,65,30,czech,1,laulau
37,325,325,Independant,Independant,valletta,0,0,0,105,23,30,czech,1,laulau
38,55,55,Boss Western,Boss Western,valletta,1,0,0,109,41,30,czech,1,laulau
39,404,404,Independant,Independant,valletta,0,0,0,145,20,30,czech,1,laulau
40,832,832,Independant,Independant,valletta,1,0,0,136,48,30,czech,1,laulau
41,598,598,Boss Western,J.Halliday Inn,valletta,1,1,0,147,55,30,czech,1,laulau
42,754,754,Accar Hotels,Safitel,valletta,1,0,0,240,108,30,czech,1,laulau
43,424,424,Chillton Worldwide,Quadrupletree,valletta,0,1,0,172,74,30,czech,1,laulau
44,363,363,Boss Western,J.Halliday Inn,valletta,1,0,0,140,50,30,czech,1,laulau
45,504,504,Morriott International,Morriot,valletta,0,0,0,163,74,30,czech,1,laulau
46,106,106,Chillton Worldwide,Tripletree,valletta,1,0,0,148,52,30,czech,1,laulau
47,244,244,Accar Hotels,Safitel,valletta,1,1,0,287,88,30,czech,1,laulau
0,758,758,Accar Hotels,Ibas,vilnius,0,0,0,62,29,30,belgian,0,laulau
1,498,498,Boss Western,Boss Western,vilnius,0,0,0,91,40,30,belgian,0,laulau
2,620,620,Chillton Worldwide,Quadrupletree,vilnius,0,1,0,142,71,30,belgian,0,laulau
3,189,189,Boss Western,J.Halliday Inn,vilnius,0,0,0,105,66,30,belgian,0,laulau
4,161,161,Boss Western,J.Halliday Inn,vilnius,1,0,0,115,76,30,belgian,0,laulau
5,974,974,Chillton Worldwide,Tripletree,vilnius,1,0,0,118,50,30,belgian,0,laulau
6,935,935,Yin Yang,8 Premium,vilnius,0,0,0,63,23,30,belgian,0,laulau
7,955,955,Yin Yang,8 Premium,vilnius,0,0,0,62,21,30,belgian,0,laulau
8,355,355,Independant,Independant,vilnius,1,0,0,82,51,30,belgian,0,laulau
9,479,479,Accar Hotels,Marcure,vilnius,1,0,0,130,70,30,belgian,0,laulau
10,40,40,Boss Western,J.Halliday Inn,vilnius,0,0,0,111,66,30,belgian,0,laulau
11,74,74,Boss Western,J.Halliday Inn,vilnius,0,0,1,116,60,30,belgian,0,laulau
12,533,533,Morriott International,Morriot,vilnius,1,1,0,134,74,30,belgian,0,laulau
13,5,5,Yin Yang,Royal Lotus,vilnius,0,1,0,125,86,30,belgian,0,laulau
14,678,678,Independant,Independant,vilnius,0,0,0,81,51,30,belgian,0,laulau
15,136,136,Boss Western,Boss Western,vilnius,0,0,0,86,43,30,belgian,0,laulau
16,464,464,Accar Hotels,Navatel,vilnius,1,0,0,81,41,30,belgian,0,laulau
17,648,648,Independant,Independant,vilnius,1,0,0,62,42,30,belgian,0,laulau
18,623,623,Morriott International,Corlton,vilnius,0,1,0,186,104,30,belgian,0,laulau
19,197,197,Boss Western,J.Halliday Inn,vilnius,1,0,0,116,50,30,belgian,0,laulau
20,408,408,Morriott International,CourtYord,vilnius,1,0,0,107,63,30,belgian,0,laulau
21,198,198,Boss Western,J.Halliday Inn,vilnius,0,0,0,112,50,30,belgian,0,laulau
22,820,820,Yin Yang,Royal Lotus,vilnius,0,0,0,140,71,30,belgian,0,laulau
23,954,954,Chillton Worldwide,Tripletree,vilnius,1,0,0,123,56,30,belgian,0,laulau
24,632,632,Independant,Independant,vilnius,1,0,0,78,26,30,belgian,0,laulau
25,420,420,Independant,Independant,vilnius,1,0,0,58,44,30,belgian,0,laulau
26,654,654,Yin Yang,Royal Lotus,vilnius,0,1,0,135,76,30,belgian,0,laulau
27,125,125,Independant,Independant,vilnius,0,0,0,57,27,30,belgian,0,laulau
28,187,187,Accar Hotels,Marcure,vilnius,1,1,0,134,86,30,belgian,0,laulau
29,18,18,Yin Yang,8 Premium,vilnius,0,0,0,52,25,30,belgian,0,laulau
30,589,589,Independant,Independant,vilnius,0,0,1,61,24,30,belgian,0,laulau
31,502,502,Boss Western,Boss Western,vilnius,0,0,0,84,44,30,belgian,0,laulau
32,879,879,Boss Western,J.Halliday Inn,vilnius,0,0,0,114,60,30,belgian,0,laulau
33,914,914,Yin Yang,8 Premium,vilnius,0,0,0,58,26,30,belgian,0,laulau
34,607,607,Boss Western,J.Halliday Inn,vilnius,0,0,0,126,48,30,belgian,0,laulau
35,451,451,Independant,Independant,vilnius,1,0,0,109,64,30,belgian,0,laulau
36,215,215,Independant,Independant,vilnius,1,0,0,83,19,30,belgian,0,laulau
37,503,503,Morriott International,Corlton,vilnius,0,1,0,176,122,30,belgian,0,laulau
38,881,881,Morriott International,Morriot,vilnius,0,1,0,134,88,30,belgian,0,laulau
39,819,819,Yin Yang,Royal Lotus,vilnius,0,0,0,124,101,30,belgian,0,laulau
40,288,288,Morriott International,CourtYord,vilnius,1,0,0,118,62,30,belgian,0,laulau
41,356,356,Independant,Independant,vilnius,0,0,0,79,59,30,belgian,0,laulau
42,80,80,Morriott International,Corlton,vilnius,1,1,0,185,109,30,belgian,0,laulau
43,406,406,Independant,Independant,vilnius,0,0,0,56,22,30,belgian,0,laulau
44,461,461,Independant,Independant,vilnius,1,0,0,56,56,30,belgian,0,laulau
45,687,687,Chillton Worldwide,Tripletree,vilnius,0,0,0,107,52,30,belgian,0,laulau
46,740,740,Yin Yang,Ardisson,vilnius,0,0,0,114,54,30,belgian,0,laulau
47,956,956,Boss Western,Boss Western,vilnius,1,0,0,94,36,30,belgian,0,laulau
48,362,362,Accar Hotels,Navatel,vilnius,1,0,0,81,48,30,belgian,0,laulau
49,409,409,Accar Hotels,Navatel,vilnius,1,0,0,91,47,30,belgian,0,laulau
50,520,520,Independant,Independant,vilnius,1,0,0,84,23,30,belgian,0,laulau
51,19,19,Independant,Independant,vilnius,0,0,0,58,23,30,belgian,0,laulau
52,568,568,Independant,Independant,vilnius,0,0,0,82,54,30,belgian,0,laulau
53,84,84,Accar Hotels,Safitel,vilnius,0,1,0,184,124,30,belgian,0,laulau
54,247,247,Chillton Worldwide,Quadrupletree,vilnius,1,0,0,134,82,30,belgian,0,laulau
55,320,320,Morriott International,CourtYord,vilnius,0,0,0,117,52,30,belgian,0,laulau
56,104,104,Independant,Independant,vilnius,0,0,0,59,49,30,belgian,0,laulau
57,204,204,Independant,Independant,vilnius,1,0,0,57,24,30,belgian,0,laulau
58,240,240,Yin Yang,Royal Lotus,vilnius,0,0,2,140,91,30,belgian,0,laulau
59,432,432,Morriott International,Morriot,vilnius,0,0,0,143,74,30,belgian,0,laulau
60,89,89,Independant,Independant,vilnius,0,0,0,79,41,30,belgian,0,laulau
61,813,813,Boss Western,J.Halliday Inn,vilnius,0,0,0,118,51,30,belgian,0,laulau
62,217,217,Yin Yang,Royal Lotus,vilnius,1,0,0,130,85,30,belgian,0,laulau
63,448,448,Yin Yang,Ardisson,vilnius,0,0,0,111,52,30,belgian,0,laulau
64,896,896,Independant,Independant,vilnius,0,0,0,59,38,30,belgian,0,laulau
65,667,667,Boss Western,J.Halliday Inn,vilnius,1,0,0,105,50,30,belgian,0,laulau
66,61,61,Morriott International,Corlton,vilnius,1,1,0,198,100,30,belgian,0,laulau
67,59,59,Boss Western,J.Halliday Inn,vilnius,1,0,0,116,52,30,belgian,0,laulau
68,976,976,Independant,Independant,vilnius,0,0,0,85,22,30,belgian,0,laulau
69,551,551,Yin Yang,8 Premium,vilnius,1,0,0,62,24,30,belgian,0,laulau
70,183,183,Accar Hotels,Marcure,vilnius,1,1,0,127,89,30,belgian,0,laulau
71,957,957,Independant,Independant,vilnius,0,0,0,64,42,30,belgian,0,laulau
72,593,593,Independant,Independant,vilnius,0,0,0,59,50,30,belgian,0,laulau
73,177,177,Accar Hotels,Marcure,vilnius,0,1,0,142,70,30,belgian,0,laulau
74,490,490,Yin Yang,Ardisson,vilnius,1,0,0,115,48,30,belgian,0,laulau
75,340,340,Independant,Independant,vilnius,0,0,0,75,23,30,belgian,0,laulau
76,76,76,Yin Yang,8 Premium,vilnius,0,0,0,60,16,30,belgian,0,laulau
77,765,765,Independant,Independant,vilnius,0,0,0,60,27,30,belgian,0,laulau
78,221,221,Independant,Independant,vilnius,1,0,0,55,28,30,belgian,0,laulau
79,394,394,Independant,Independant,vilnius,1,0,0,60,44,30,belgian,0,laulau
80,118,118,Boss Western,Boss Western,vilnius,1,0,0,85,46,30,belgian,0,laulau
81,155,155,Boss Western,Boss Western,vilnius,0,0,0,86,41,30,belgian,0,laulau
82,47,47,Accar Hotels,Marcure,vilnius,1,0,0,124,77,30,belgian,0,laulau
83,72,72,Independant,Independant,vilnius,0,0,0,57,23,30,belgian,0,laulau
84,950,950,Independant,Independant,vilnius,1,0,0,75,23,30,belgian,0,laulau
85,294,294,Independant,Independant,vilnius,1,0,0,61,25,30,belgian,0,laulau
86,516,516,Morriott International,Corlton,vilnius,1,0,2,190,117,30,belgian,0,laulau
87,605,605,Yin Yang,Royal Lotus,vilnius,1,0,0,129,67,30,belgian,0,laulau
88,545,545,Chillton Worldwide,Tripletree,vilnius,0,0,0,124,52,30,belgian,0,laulau
89,794,794,Morriott International,Corlton,vilnius,1,0,0,209,119,30,belgian,0,laulau
90,279,279,Independant,Independant,vilnius,1,0,0,54,26,30,belgian,0,laulau
91,670,670,Independant,Independant,vilnius,1,0,0,80,21,30,belgian,0,laulau
92,887,887,Boss Western,J.Halliday Inn,vilnius,0,0,0,111,48,30,belgian,0,laulau
0,461,461,Independant,Independant,vilnius,1,0,0,56,56,30,belgian,1,laulau
1,18,18,Yin Yang,8 Premium,vilnius,0,0,0,52,25,30,belgian,1,laulau
2,47,47,Accar Hotels,Marcure,vilnius,1,0,0,124,77,30,belgian,1,laulau
3,118,118,Boss Western,Boss Western,vilnius,1,0,0,85,46,30,belgian,1,laulau
4,320,320,Morriott International,CourtYord,vilnius,0,0,0,117,52,30,belgian,1,laulau
5,76,76,Yin Yang,8 Premium,vilnius,0,0,0,61,16,30,belgian,1,laulau
6,758,758,Accar Hotels,Ibas,vilnius,0,0,0,62,29,30,belgian,1,laulau
7,896,896,Independant,Independant,vilnius,0,0,0,59,38,30,belgian,1,laulau
8,464,464,Accar Hotels,Navatel,vilnius,1,0,0,81,41,30,belgian,1,laulau
9,516,516,Morriott International,Corlton,vilnius,1,0,2,190,117,30,belgian,1,laulau
10,620,620,Chillton Worldwide,Quadrupletree,vilnius,0,1,0,142,71,30,belgian,1,laulau
11,340,340,Independant,Independant,vilnius,0,0,0,75,23,30,belgian,1,laulau
12,198,198,Boss Western,J.Halliday Inn,vilnius,0,0,0,113,50,30,belgian,1,laulau
13,935,935,Yin Yang,8 Premium,vilnius,0,0,0,63,23,30,belgian,1,laulau
14,533,533,Morriott International,Morriot,vilnius,1,1,0,134,74,30,belgian,1,laulau
15,356,356,Independant,Independant,vilnius,0,0,0,79,59,30,belgian,1,laulau
16,5,5,Yin Yang,Royal Lotus,vilnius,0,1,0,125,86,30,belgian,1,laulau
17,879,879,Boss Western,J.Halliday Inn,vilnius,0,0,0,114,60,30,belgian,1,laulau
18,667,667,Boss Western,J.Halliday Inn,vilnius,1,0,0,105,50,30,belgian,1,laulau
19,89,89,Independant,Independant,vilnius,0,0,0,79,41,30,belgian,1,laulau
20,125,125,Independant,Independant,vilnius,0,0,0,57,27,30,belgian,1,laulau
21,406,406,Independant,Independant,vilnius,0,0,0,56,22,30,belgian,1,laulau
22,197,197,Boss Western,J.Halliday Inn,vilnius,1,0,0,116,50,30,belgian,1,laulau
23,408,408,Morriott International,CourtYord,vilnius,1,0,0,107,63,30,belgian,1,laulau
24,104,104,Independant,Independant,vilnius,0,0,0,59,49,30,belgian,1,laulau
25,355,355,Independant,Independant,vilnius,1,0,0,82,51,30,belgian,1,laulau
26,551,551,Yin Yang,8 Premium,vilnius,1,0,0,62,24,30,belgian,1,laulau
27,794,794,Morriott International,Corlton,vilnius,1,0,0,209,119,30,belgian,1,laulau
28,887,887,Boss Western,J.Halliday Inn,vilnius,0,0,0,112,48,30,belgian,1,laulau
29,84,84,Accar Hotels,Safitel,vilnius,0,1,0,184,124,30,belgian,1,laulau
30,80,80,Morriott International,Corlton,vilnius,1,1,0,185,109,30,belgian,1,laulau
31,589,589,Independant,Independant,vilnius,0,0,1,61,24,30,belgian,1,laulau
32,503,503,Morriott International,Corlton,vilnius,0,1,0,176,122,30,belgian,1,laulau
33,136,136,Boss Western,Boss Western,vilnius,0,0,0,86,43,30,belgian,1,laulau
34,950,950,Independant,Independant,vilnius,1,0,0,75,23,30,belgian,1,laulau
35,19,19,Independant,Independant,vilnius,0,0,0,58,23,30,belgian,1,laulau
36,605,605,Yin Yang,Royal Lotus,vilnius,1,0,0,130,67,30,belgian,1,laulau
37,955,955,Yin Yang,8 Premium,vilnius,0,0,0,62,21,30,belgian,1,laulau
38,279,279,Independant,Independant,vilnius,1,0,0,54,26,30,belgian,1,laulau
39,974,974,Chillton Worldwide,Tripletree,vilnius,1,0,0,118,50,30,belgian,1,laulau
40,490,490,Yin Yang,Ardisson,vilnius,1,0,0,115,48,30,belgian,1,laulau
41,61,61,Morriott International,Corlton,vilnius,1,1,0,199,100,30,belgian,1,laulau
42,217,217,Yin Yang,Royal Lotus,vilnius,1,0,0,131,85,30,belgian,1,laulau
43,654,654,Yin Yang,Royal Lotus,vilnius,0,1,0,135,76,30,belgian,1,laulau
44,976,976,Independant,Independant,vilnius,0,0,0,85,22,30,belgian,1,laulau
45,687,687,Chillton Worldwide,Tripletree,vilnius,0,0,0,107,52,30,belgian,1,laulau
46,448,448,Yin Yang,Ardisson,vilnius,0,0,0,112,52,30,belgian,1,laulau
47,420,420,Independant,Independant,vilnius,1,0,0,58,44,30,belgian,1,laulau
48,204,204,Independant,Independant,vilnius,1,0,0,57,24,30,belgian,1,laulau
49,362,362,Accar Hotels,Navatel,vilnius,1,0,0,81,48,30,belgian,1,laulau
50,409,409,Accar Hotels,Navatel,vilnius,1,0,0,91,47,30,belgian,1,laulau
51,479,479,Accar Hotels,Marcure,vilnius,1,0,0,131,70,30,belgian,1,laulau
52,183,183,Accar Hotels,Marcure,vilnius,1,1,0,128,89,30,belgian,1,laulau
53,155,155,Boss Western,Boss Western,vilnius,0,0,0,86,41,30,belgian,1,laulau
54,632,632,Independant,Independant,vilnius,1,0,0,78,26,30,belgian,1,laulau
55,820,820,Yin Yang,Royal Lotus,vilnius,0,0,0,140,71,30,belgian,1,laulau
56,956,956,Boss Western,Boss Western,vilnius,1,0,0,95,36,30,belgian,1,laulau
57,288,288,Morriott International,CourtYord,vilnius,1,0,0,118,62,30,belgian,1,laulau
58,177,177,Accar Hotels,Marcure,vilnius,0,1,0,142,70,30,belgian,1,laulau
59,765,765,Independant,Independant,vilnius,0,0,0,60,27,30,belgian,1,laulau
60,568,568,Independant,Independant,vilnius,0,0,0,82,54,30,belgian,1,laulau
61,957,957,Independant,Independant,vilnius,0,0,0,65,42,30,belgian,1,laulau
62,545,545,Chillton Worldwide,Tripletree,vilnius,0,0,0,124,52,30,belgian,1,laulau
63,593,593,Independant,Independant,vilnius,0,0,0,59,50,30,belgian,1,laulau
64,813,813,Boss Western,J.Halliday Inn,vilnius,0,0,0,118,51,30,belgian,1,laulau
65,881,881,Morriott International,Morriot,vilnius,0,1,0,134,88,30,belgian,1,laulau
66,740,740,Yin Yang,Ardisson,vilnius,0,0,0,114,54,30,belgian,1,laulau
67,678,678,Independant,Independant,vilnius,0,0,0,81,51,30,belgian,1,laulau
68,161,161,Boss Western,J.Halliday Inn,vilnius,1,0,0,115,76,30,belgian,1,laulau
69,670,670,Independant,Independant,vilnius,1,0,0,80,21,30,belgian,1,laulau
70,432,432,Morriott International,Morriot,vilnius,0,0,0,143,74,30,belgian,1,laulau
71,187,187,Accar Hotels,Marcure,vilnius,1,1,0,134,86,30,belgian,1,laulau
72,215,215,Independant,Independant,vilnius,1,0,0,83,19,30,belgian,1,laulau
73,247,247,Chillton Worldwide,Quadrupletree,vilnius,1,0,0,134,82,30,belgian,1,laulau
74,394,394,Independant,Independant,vilnius,1,0,0,60,44,30,belgian,1,laulau
75,954,954,Chillton Worldwide,Tripletree,vilnius,1,0,0,123,56,30,belgian,1,laulau
76,623,623,Morriott International,Corlton,vilnius,0,1,0,186,104,30,belgian,1,laulau
77,502,502,Boss Western,Boss Western,vilnius,0,0,0,84,44,30,belgian,1,laulau
78,40,40,Boss Western,J.Halliday Inn,vilnius,0,0,0,112,66,30,belgian,1,laulau
79,451,451,Independant,Independant,vilnius,1,0,0,109,64,30,belgian,1,laulau
80,59,59,Boss Western,J.Halliday Inn,vilnius,1,0,0,116,52,30,belgian,1,laulau
81,294,294,Independant,Independant,vilnius,1,0,0,61,25,30,belgian,1,laulau
82,72,72,Independant,Independant,vilnius,0,0,0,57,23,30,belgian,1,laulau
83,74,74,Boss Western,J.Halliday Inn,vilnius,0,0,1,116,60,30,belgian,1,laulau
84,607,607,Boss Western,J.Halliday Inn,vilnius,0,0,0,126,48,30,belgian,1,laulau
85,221,221,Independant,Independant,vilnius,1,0,0,55,28,30,belgian,1,laulau
86,520,520,Independant,Independant,vilnius,1,0,0,84,23,30,belgian,1,laulau
87,819,819,Yin Yang,Royal Lotus,vilnius,0,0,0,124,101,30,belgian,1,laulau
88,189,189,Boss Western,J.Halliday Inn,vilnius,0,0,0,105,66,30,belgian,1,laulau
89,914,914,Yin Yang,8 Premium,vilnius,0,0,0,58,26,30,belgian,1,laulau
90,648,648,Independant,Independant,vilnius,1,0,0,63,42,30,belgian,1,laulau
91,498,498,Boss Western,Boss Western,vilnius,0,0,0,91,40,30,belgian,1,laulau
92,240,240,Yin Yang,Royal Lotus,vilnius,0,0,2,140,91,30,belgian,1,laulau
0,956,956,Boss Western,Boss Western,vilnius,1,0,0,96,36,30,czech,0,laulau
1,935,935,Yin Yang,8 Premium,vilnius,0,0,0,63,23,30,czech,0,laulau
2,589,589,Independant,Independant,vilnius,0,0,1,62,24,30,czech,0,laulau
3,976,976,Independant,Independant,vilnius,0,0,0,86,22,30,czech,0,laulau
4,955,955,Yin Yang,8 Premium,vilnius,0,0,0,62,21,30,czech,0,laulau
5,632,632,Independant,Independant,vilnius,1,0,0,79,26,30,czech,0,laulau
6,879,879,Boss Western,J.Halliday Inn,vilnius,0,0,0,115,60,30,czech,0,laulau
7,183,183,Accar Hotels,Marcure,vilnius,1,1,0,129,89,30,czech,0,laulau
8,40,40,Boss Western,J.Halliday Inn,vilnius,0,0,0,113,66,30,czech,0,laulau
9,813,813,Boss Western,J.Halliday Inn,vilnius,0,0,0,119,51,30,czech,0,laulau
10,356,356,Independant,Independant,vilnius,0,0,0,80,59,30,czech,0,laulau
11,498,498,Boss Western,Boss Western,vilnius,0,0,0,93,40,30,czech,0,laulau
12,819,819,Yin Yang,Royal Lotus,vilnius,0,0,0,126,101,30,czech,0,laulau
13,240,240,Yin Yang,Royal Lotus,vilnius,0,0,2,142,91,30,czech,0,laulau
14,568,568,Independant,Independant,vilnius,0,0,0,83,54,30,czech,0,laulau
15,177,177,Accar Hotels,Marcure,vilnius,0,1,0,144,70,30,czech,0,laulau
16,740,740,Yin Yang,Ardisson,vilnius,0,0,0,115,54,30,czech,0,laulau
17,914,914,Yin Yang,8 Premium,vilnius,0,0,0,59,26,30,czech,0,laulau
18,503,503,Morriott International,Corlton,vilnius,0,1,0,179,122,30,czech,0,laulau
19,294,294,Independant,Independant,vilnius,1,0,0,62,25,30,czech,0,laulau
20,551,551,Yin Yang,8 Premium,vilnius,1,0,0,62,24,30,czech,0,laulau
21,533,533,Morriott International,Morriot,vilnius,1,1,0,136,74,30,czech,0,laulau
22,667,667,Boss Western,J.Halliday Inn,vilnius,1,0,0,107,50,30,czech,0,laulau
23,197,197,Boss Western,J.Halliday Inn,vilnius,1,0,0,117,50,30,czech,0,laulau
24,61,61,Morriott International,Corlton,vilnius,1,1,0,201,100,30,czech,0,laulau
25,118,118,Boss Western,Boss Western,vilnius,1,0,0,86,46,30,czech,0,laulau
26,340,340,Independant,Independant,vilnius,0,0,0,76,23,30,czech,0,laulau
27,448,448,Yin Yang,Ardisson,vilnius,0,0,0,113,52,30,czech,0,laulau
28,516,516,Morriott International,Corlton,vilnius,1,0,2,193,117,30,czech,0,laulau
29,974,974,Chillton Worldwide,Tripletree,vilnius,1,0,0,119,50,30,czech,0,laulau
30,408,408,Morriott International,CourtYord,vilnius,1,0,0,109,63,30,czech,0,laulau
31,136,136,Boss Western,Boss Western,vilnius,0,0,0,87,43,30,czech,0,laulau
32,406,406,Independant,Independant,vilnius,0,0,0,57,22,30,czech,0,laulau
33,464,464,Accar Hotels,Navatel,vilnius,1,0,0,82,41,30,czech,0,laulau
34,420,420,Independant,Independant,vilnius,1,0,0,59,44,30,czech,0,laulau
35,896,896,Independant,Independant,vilnius,0,0,0,60,38,30,czech,0,laulau
36,605,605,Yin Yang,Royal Lotus,vilnius,1,0,0,131,67,30,czech,0,laulau
37,362,362,Accar Hotels,Navatel,vilnius,1,0,0,82,48,30,czech,0,laulau
38,187,187,Accar Hotels,Marcure,vilnius,1,1,0,136,86,30,czech,0,laulau
39,104,104,Independant,Independant,vilnius,0,0,0,60,49,30,czech,0,laulau
40,957,957,Independant,Independant,vilnius,0,0,0,65,42,30,czech,0,laulau
41,607,607,Boss Western,J.Halliday Inn,vilnius,0,0,0,128,48,30,czech,0,laulau
42,215,215,Independant,Independant,vilnius,1,0,0,84,19,30,czech,0,laulau
43,189,189,Boss Western,J.Halliday Inn,vilnius,0,0,0,107,66,30,czech,0,laulau
44,74,74,Boss Western,J.Halliday Inn,vilnius,0,0,1,117,60,30,czech,0,laulau
45,678,678,Independant,Independant,vilnius,0,0,0,82,51,30,czech,0,laulau
46,593,593,Independant,Independant,vilnius,0,0,0,60,50,30,czech,0,laulau
47,758,758,Accar Hotels,Ibas,vilnius,0,0,0,62,29,30,czech,0,laulau
48,161,161,Boss Western,J.Halliday Inn,vilnius,1,0,0,116,76,30,czech,0,laulau
49,687,687,Chillton Worldwide,Tripletree,vilnius,0,0,0,109,52,30,czech,0,laulau
50,545,545,Chillton Worldwide,Tripletree,vilnius,0,0,0,126,52,30,czech,0,laulau
51,620,620,Chillton Worldwide,Quadrupletree,vilnius,0,1,0,144,71,30,czech,0,laulau
52,461,461,Independant,Independant,vilnius,1,0,0,57,56,30,czech,0,laulau
53,451,451,Independant,Independant,vilnius,1,0,0,111,64,30,czech,0,laulau
54,394,394,Independant,Independant,vilnius,1,0,0,61,44,30,czech,0,laulau
55,247,247,Chillton Worldwide,Quadrupletree,vilnius,1,0,0,136,82,30,czech,0,laulau
56,794,794,Morriott International,Corlton,vilnius,1,0,0,212,119,30,czech,0,laulau
57,288,288,Morriott International,CourtYord,vilnius,1,0,0,119,62,30,czech,0,laulau
58,502,502,Boss Western,Boss Western,vilnius,0,0,0,85,44,30,czech,0,laulau
59,89,89,Independant,Independant,vilnius,0,0,0,80,41,30,czech,0,laulau
60,648,648,Independant,Independant,vilnius,1,0,0,63,42,30,czech,0,laulau
61,19,19,Independant,Independant,vilnius,0,0,0,59,23,30,czech,0,laulau
62,887,887,Boss Western,J.Halliday Inn,vilnius,0,0,0,113,48,30,czech,0,laulau
63,654,654,Yin Yang,Royal Lotus,vilnius,0,1,0,137,76,30,czech,0,laulau
64,409,409,Accar Hotels,Navatel,vilnius,1,0,0,93,47,30,czech,0,laulau
65,320,320,Morriott International,CourtYord,vilnius,0,0,0,118,52,30,czech,0,laulau
66,76,76,Yin Yang,8 Premium,vilnius,0,0,0,61,16,30,czech,0,laulau
67,217,217,Yin Yang,Royal Lotus,vilnius,1,0,0,132,85,30,czech,0,laulau
68,881,881,Morriott International,Morriot,vilnius,0,1,0,136,88,30,czech,0,laulau
69,950,950,Independant,Independant,vilnius,1,0,0,76,23,30,czech,0,laulau
70,5,5,Yin Yang,Royal Lotus,vilnius,0,1,0,127,86,30,czech,0,laulau
71,80,80,Morriott International,Corlton,vilnius,1,1,0,187,109,30,czech,0,laulau
72,59,59,Boss Western,J.Halliday Inn,vilnius,1,0,0,117,52,30,czech,0,laulau
73,204,204,Independant,Independant,vilnius,1,0,0,58,24,30,czech,0,laulau
74,479,479,Accar Hotels,Marcure,vilnius,1,0,0,132,70,30,czech,0,laulau
75,490,490,Yin Yang,Ardisson,vilnius,1,0,0,116,48,30,czech,0,laulau
76,198,198,Boss Western,J.Halliday Inn,vilnius,0,0,0,114,50,30,czech,0,laulau
77,820,820,Yin Yang,Royal Lotus,vilnius,0,0,0,142,71,30,czech,0,laulau
78,432,432,Morriott International,Morriot,vilnius,0,0,0,145,74,30,czech,0,laulau
79,155,155,Boss Western,Boss Western,vilnius,0,0,0,87,41,30,czech,0,laulau
80,18,18,Yin Yang,8 Premium,vilnius,0,0,0,53,25,30,czech,0,laulau
81,765,765,Independant,Independant,vilnius,0,0,0,61,27,30,czech,0,laulau
82,954,954,Chillton Worldwide,Tripletree,vilnius,1,0,0,125,56,30,czech,0,laulau
83,84,84,Accar Hotels,Safitel,vilnius,0,1,0,186,124,30,czech,0,laulau
84,670,670,Independant,Independant,vilnius,1,0,0,81,21,30,czech,0,laulau
85,72,72,Independant,Independant,vilnius,0,0,0,58,23,30,czech,0,laulau
86,47,47,Accar Hotels,Marcure,vilnius,1,0,0,126,77,30,czech,0,laulau
87,279,279,Independant,Independant,vilnius,1,0,0,55,26,30,czech,0,laulau
88,623,623,Morriott International,Corlton,vilnius,0,1,0,188,104,30,czech,0,laulau
89,520,520,Independant,Independant,vilnius,1,0,0,85,23,30,czech,0,laulau
90,355,355,Independant,Independant,vilnius,1,0,0,83,51,30,czech,0,laulau
91,125,125,Independant,Independant,vilnius,0,0,0,58,27,30,czech,0,laulau
92,221,221,Independant,Independant,vilnius,1,0,0,56,28,30,czech,0,laulau
0,59,59,Boss Western,J.Halliday Inn,vilnius,1,0,0,119,52,30,czech,1,laulau
1,819,819,Yin Yang,Royal Lotus,vilnius,0,0,0,128,101,30,czech,1,laulau
2,420,420,Independant,Independant,vilnius,1,0,0,60,44,30,czech,1,laulau
3,935,935,Yin Yang,8 Premium,vilnius,0,0,0,64,23,30,czech,1,laulau
4,136,136,Boss Western,Boss Western,vilnius,0,0,0,88,43,30,czech,1,laulau
5,409,409,Accar Hotels,Navatel,vilnius,1,0,0,94,47,30,czech,1,laulau
6,605,605,Yin Yang,Royal Lotus,vilnius,1,0,0,133,67,30,czech,1,laulau
7,545,545,Chillton Worldwide,Tripletree,vilnius,0,0,0,128,52,30,czech,1,laulau
8,118,118,Boss Western,Boss Western,vilnius,1,0,0,87,46,30,czech,1,laulau
9,279,279,Independant,Independant,vilnius,1,0,0,56,26,30,czech,1,laulau
10,623,623,Morriott International,Corlton,vilnius,0,1,0,191,104,30,czech,1,laulau
11,89,89,Independant,Independant,vilnius,0,0,0,81,41,30,czech,1,laulau
12,406,406,Independant,Independant,vilnius,0,0,0,58,22,30,czech,1,laulau
13,551,551,Yin Yang,8 Premium,vilnius,1,0,0,63,24,30,czech,1,laulau
14,84,84,Accar Hotels,Safitel,vilnius,0,1,0,189,124,30,czech,1,laulau
15,47,47,Accar Hotels,Marcure,vilnius,1,0,0,128,77,30,czech,1,laulau
16,294,294,Independant,Independant,vilnius,1,0,0,63,25,30,czech,1,laulau
17,593,593,Independant,Independant,vilnius,0,0,0,61,50,30,czech,1,laulau
18,950,950,Independant,Independant,vilnius,1,0,0,77,23,30,czech,1,laulau
19,104,104,Independant,Independant,vilnius,0,0,0,61,49,30,czech,1,laulau
20,461,461,Independant,Independant,vilnius,1,0,0,58,56,30,czech,1,laulau
21,356,356,Independant,Independant,vilnius,0,0,0,81,59,30,czech,1,laulau
22,74,74,Boss Western,J.Halliday Inn,vilnius,0,0,1,119,60,30,czech,1,laulau
23,247,247,Chillton Worldwide,Quadrupletree,vilnius,1,0,0,137,82,30,czech,1,laulau
24,340,340,Independant,Independant,vilnius,0,0,0,77,23,30,czech,1,laulau
25,432,432,Morriott International,Morriot,vilnius,0,0,0,147,74,30,czech,1,laulau
26,80,80,Morriott International,Corlton,vilnius,1,1,0,190,109,30,czech,1,laulau
27,72,72,Independant,Independant,vilnius,0,0,0,59,23,30,czech,1,laulau
28,974,974,Chillton Worldwide,Tripletree,vilnius,1,0,0,121,50,30,czech,1,laulau
29,648,648,Independant,Independant,vilnius,1,0,0,64,42,30,czech,1,laulau
30,765,765,Independant,Independant,vilnius,0,0,0,62,27,30,czech,1,laulau
31,670,670,Independant,Independant,vilnius,1,0,0,82,21,30,czech,1,laulau
32,813,813,Boss Western,J.Halliday Inn,vilnius,0,0,0,121,51,30,czech,1,laulau
33,76,76,Yin Yang,8 Premium,vilnius,0,0,0,62,16,30,czech,1,laulau
34,490,490,Yin Yang,Ardisson,vilnius,1,0,0,118,48,30,czech,1,laulau
35,217,217,Yin Yang,Royal Lotus,vilnius,1,0,0,134,85,30,czech,1,laulau
36,502,502,Boss Western,Boss Western,vilnius,0,0,0,86,44,30,czech,1,laulau
37,820,820,Yin Yang,Royal Lotus,vilnius,0,0,0,144,71,30,czech,1,laulau
38,678,678,Independant,Independant,vilnius,0,0,0,83,51,30,czech,1,laulau
39,632,632,Independant,Independant,vilnius,1,0,0,80,26,30,czech,1,laulau
40,479,479,Accar Hotels,Marcure,vilnius,1,0,0,134,70,30,czech,1,laulau
41,183,183,Accar Hotels,Marcure,vilnius,1,1,0,131,89,30,czech,1,laulau
42,914,914,Yin Yang,8 Premium,vilnius,0,0,0,60,26,30,czech,1,laulau
43,879,879,Boss Western,J.Halliday Inn,vilnius,0,0,0,117,60,30,czech,1,laulau
44,654,654,Yin Yang,Royal Lotus,vilnius,0,1,0,139,76,30,czech,1,laulau
45,607,607,Boss Western,J.Halliday Inn,vilnius,0,0,0,130,48,30,czech,1,laulau
46,161,161,Boss Western,J.Halliday Inn,vilnius,1,0,0,118,76,30,czech,1,laulau
47,240,240,Yin Yang,Royal Lotus,vilnius,0,0,2,144,91,30,czech,1,laulau
48,155,155,Boss Western,Boss Western,vilnius,0,0,0,88,41,30,czech,1,laulau
49,221,221,Independant,Independant,vilnius,1,0,0,57,28,30,czech,1,laulau
50,40,40,Boss Western,J.Halliday Inn,vilnius,0,0,0,115,66,30,czech,1,laulau
51,976,976,Independant,Independant,vilnius,0,0,0,88,22,30,czech,1,laulau
52,740,740,Yin Yang,Ardisson,vilnius,0,0,0,117,54,30,czech,1,laulau
53,954,954,Chillton Worldwide,Tripletree,vilnius,1,0,0,127,56,30,czech,1,laulau
54,19,19,Independant,Independant,vilnius,0,0,0,60,23,30,czech,1,laulau
55,758,758,Accar Hotels,Ibas,vilnius,0,0,0,63,29,30,czech,1,laulau
56,667,667,Boss Western,J.Halliday Inn,vilnius,1,0,0,108,50,30,czech,1,laulau
57,204,204,Independant,Independant,vilnius,1,0,0,59,24,30,czech,1,laulau
58,448,448,Yin Yang,Ardisson,vilnius,0,0,0,115,52,30,czech,1,laulau
59,881,881,Morriott International,Morriot,vilnius,0,1,0,137,88,30,czech,1,laulau
60,125,125,Independant,Independant,vilnius,0,0,0,59,27,30,czech,1,laulau
61,177,177,Accar Hotels,Marcure,vilnius,0,1,0,146,70,30,czech,1,laulau
62,503,503,Morriott International,Corlton,vilnius,0,1,0,181,122,30,czech,1,laulau
63,464,464,Accar Hotels,Navatel,vilnius,1,0,0,83,41,30,czech,1,laulau
64,5,5,Yin Yang,Royal Lotus,vilnius,0,1,0,129,86,30,czech,1,laulau
65,288,288,Morriott International,CourtYord,vilnius,1,0,0,121,62,30,czech,1,laulau
66,355,355,Independant,Independant,vilnius,1,0,0,85,51,30,czech,1,laulau
67,362,362,Accar Hotels,Navatel,vilnius,1,0,0,83,48,30,czech,1,laulau
68,956,956,Boss Western,Boss Western,vilnius,1,0,0,97,36,30,czech,1,laulau
69,320,320,Morriott International,CourtYord,vilnius,0,0,0,120,52,30,czech,1,laulau
70,794,794,Morriott International,Corlton,vilnius,1,0,0,215,119,30,czech,1,laulau
71,589,589,Independant,Independant,vilnius,0,0,1,63,24,30,czech,1,laulau
72,896,896,Independant,Independant,vilnius,0,0,0,61,38,30,czech,1,laulau
73,215,215,Independant,Independant,vilnius,1,0,0,86,19,30,czech,1,laulau
74,568,568,Independant,Independant,vilnius,0,0,0,85,54,30,czech,1,laulau
75,189,189,Boss Western,J.Halliday Inn,vilnius,0,0,0,108,66,30,czech,1,laulau
76,955,955,Yin Yang,8 Premium,vilnius,0,0,0,63,21,30,czech,1,laulau
77,394,394,Independant,Independant,vilnius,1,0,0,62,44,30,czech,1,laulau
78,957,957,Independant,Independant,vilnius,0,0,0,66,42,30,czech,1,laulau
79,520,520,Independant,Independant,vilnius,1,0,0,87,23,30,czech,1,laulau
80,61,61,Morriott International,Corlton,vilnius,1,1,0,204,100,30,czech,1,laulau
81,197,197,Boss Western,J.Halliday Inn,vilnius,1,0,0,119,50,30,czech,1,laulau
82,887,887,Boss Western,J.Halliday Inn,vilnius,0,0,0,115,48,30,czech,1,laulau
83,620,620,Chillton Worldwide,Quadrupletree,vilnius,0,1,0,146,71,30,czech,1,laulau
84,533,533,Morriott International,Morriot,vilnius,1,1,0,137,74,30,czech,1,laulau
85,451,451,Independant,Independant,vilnius,1,0,0,112,64,30,czech,1,laulau
86,198,198,Boss Western,J.Halliday Inn,vilnius,0,0,0,116,50,30,czech,1,laulau
87,18,18,Yin Yang,8 Premium,vilnius,0,0,0,53,25,30,czech,1,laulau
88,498,498,Boss Western,Boss Western,vilnius,0,0,0,94,40,30,czech,1,laulau
89,516,516,Morriott International,Corlton,vilnius,1,0,2,195,117,30,czech,1,laulau
90,187,187,Accar Hotels,Marcure,vilnius,1,1,0,137,86,30,czech,1,laulau
91,687,687,Chillton Worldwide,Tripletree,vilnius,0,0,0,110,52,30,czech,1,laulau
92,408,408,Morriott International,CourtYord,vilnius,1,0,0,110,63,30,czech,1,laulau
